{
  "numFreqItemsetsStats": [
    {
      "freqItemsetLenToCountQuartiles": {
        "1": [
          19,
          19,
          19,
          19,
          19
        ],
        "2": [
          137,
          139,
          140,
          140,
          142
        ],
        "3": [
          539,
          544,
          546,
          548,
          554
        ],
        "4": [
          1237,
          1254,
          1259,
          1263,
          1281
        ],
        "5": [
          1702,
          1754,
          1765,
          1775,
          1821
        ],
        "6": [
          1431,
          1487,
          1501,
          1517,
          1574
        ],
        "7": [
          685,
          732,
          744,
          757,
          816
        ],
        "8": [
          161,
          186,
          191,
          197,
          226
        ],
        "9": [
          10,
          17,
          18,
          20,
          24
        ]
      },
      "numFreqItemsetsQuartiles": [
        5958,
        6137,
        6182,
        6230,
        6410
      ],
      "numSamples": 2176,
      "pvalue": 4.5934772622875517E-4,
      "sampler": "caterpillars.samplers.NaiveBJDMSampler"
    },
    {
      "freqItemsetLenToCountQuartiles": {
        "1": [
          19,
          19,
          19,
          19,
          19
        ],
        "2": [
          136,
          139,
          140,
          140,
          142
        ],
        "3": [
          539,
          544,
          546,
          548,
          555
        ],
        "4": [
          1232,
          1254,
          1259,
          1263,
          1284
        ],
        "5": [
          1707,
          1754,
          1764,
          1774,
          1820
        ],
        "6": [
          1428,
          1486,
          1501,
          1516,
          1581
        ],
        "7": [
          685,
          731,
          744,
          756,
          823
        ],
        "8": [
          166,
          186,
          191,
          197,
          227
        ],
        "9": [
          13,
          17,
          18,
          20,
          24
        ]
      },
      "numFreqItemsetsQuartiles": [
        5943,
        6137,
        6182,
        6226,
        6439
      ],
      "numSamples": 2176,
      "pvalue": 4.5934772622875517E-4,
      "sampler": "caterpillars.samplers.CurveballBJDMSampler"
    },
    {
      "freqItemsetLenToCountQuartiles": {
        "1": [
          19,
          19,
          19,
          19,
          19
        ],
        "2": [
          137,
          139,
          139,
          140,
          142
        ],
        "3": [
          537,
          544,
          546,
          547,
          556
        ],
        "4": [
          1236,
          1254,
          1258,
          1263,
          1282
        ],
        "5": [
          1713,
          1754,
          1764,
          1774,
          1819
        ],
        "6": [
          1430,
          1486,
          1501,
          1516,
          1590
        ],
        "7": [
          691,
          731,
          743,
          757,
          821
        ],
        "8": [
          164,
          185,
          191,
          197,
          229
        ],
        "9": [
          12,
          17,
          18,
          20,
          26
        ]
      },
      "numFreqItemsetsQuartiles": [
        5970,
        6136,
        6180,
        6228,
        6442
      ],
      "numSamples": 2176,
      "pvalue": 4.5934772622875517E-4,
      "sampler": "GmmtSampler"
    }
  ],
  "runInfo": {
    "freqItemsetLenToCount": {
      "1": 19,
      "2": 141,
      "3": 566,
      "4": 1383,
      "5": 2130,
      "6": 2104,
      "7": 1314,
      "8": 481,
      "9": 85,
      "10": 4
    },
    "numFreqItemsets": 8227,
    "timestamp": "2022-05-19T00:58:00.095"
  }
}
