{
  "numFreqItemsetsStats": [
    {
      "freqItemsetLenToCountQuartiles": {
        "1": [
          579,
          579,
          579,
          579,
          579
        ],
        "2": [
          817,
          868,
          879,
          890,
          942
        ],
        "3": [
          175,
          225,
          235,
          244,
          285
        ],
        "4": [
          1,
          8,
          10,
          13,
          41
        ],
        "5": [
          1,
          1,
          1,
          1,
          9
        ],
        "6": [
          1,
          1,
          1,
          1,
          1
        ]
      },
      "numFreqItemsetsQuartiles": [
        1625,
        1689,
        1704,
        1719,
        1794
      ],
      "numSamples": 4352,
      "pvalue": 2.2972662531587412E-4,
      "sampler": "caterpillars.samplers.NaiveBJDMSampler"
    },
    {
      "freqItemsetLenToCountQuartiles": {
        "1": [
          579,
          579,
          579,
          579,
          579
        ],
        "2": [
          826,
          870,
          880,
          892,
          945
        ],
        "3": [
          169,
          207,
          216,
          225,
          263
        ],
        "4": [
          1,
          5,
          7,
          9,
          29
        ],
        "5": [
          1,
          1,
          1,
          1,
          6
        ],
        "6": [
          1,
          1,
          1,
          1,
          1
        ]
      },
      "numFreqItemsetsQuartiles": [
        1608,
        1669,
        1683,
        1697,
        1766
      ],
      "numSamples": 4352,
      "pvalue": 2.2972662531587412E-4,
      "sampler": "caterpillars.samplers.CurveballBJDMSampler"
    },
    {
      "freqItemsetLenToCountQuartiles": {
        "1": [
          579,
          579,
          579,
          579,
          579
        ],
        "2": [
          591,
          654,
          666,
          679,
          731
        ],
        "3": [
          64,
          97,
          106,
          116,
          169
        ],
        "4": [
          1,
          2,
          3,
          5,
          26
        ],
        "5": [
          1,
          1,
          1,
          1,
          6
        ],
        "6": [
          1,
          1,
          1,
          1,
          1
        ]
      },
      "numFreqItemsetsQuartiles": [
        1272,
        1337,
        1355,
        1372,
        1465
      ],
      "numSamples": 4352,
      "pvalue": 2.2972662531587412E-4,
      "sampler": "diffusr.samplers.GmmtSampler"
    }
  ],
  "runInfo": {
    "freqItemsetLenToCount": {
      "1": 579,
      "2": 810,
      "3": 534,
      "4": 169,
      "5": 39,
      "6": 8,
      "7": 1
    },
    "numFreqItemsets": 2140,
    "timestamp": "2022-06-08T10:55:22.718"
  }
}
