{
  "numFreqItemsetsStats": [
    {
      "freqItemsetLenToCountQuartiles": {
        "1": [
          349,
          349,
          349,
          349,
          349
        ],
        "2": [
          1163,
          1200,
          1209,
          1218,
          1261
        ],
        "3": [
          1605,
          1689,
          1708,
          1728,
          1826
        ],
        "4": [
          1021,
          1134,
          1161,
          1187,
          1333
        ],
        "5": [
          272,
          361,
          382,
          402,
          497
        ],
        "6": [
          26,
          47,
          53,
          61,
          95
        ],
        "7": [
          1,
          1,
          2,
          3,
          11
        ],
        "8": [
          1,
          1,
          1,
          1,
          1
        ]
      },
      "numFreqItemsetsQuartiles": [
        4482,
        4795,
        4864,
        4933,
        5269
      ],
      "numSamples": 4352,
      "pvalue": 2.2972662531587412E-4,
      "sampler": "caterpillars.samplers.NaiveBJDMSampler"
    },
    {
      "freqItemsetLenToCountQuartiles": {
        "1": [
          349,
          349,
          349,
          349,
          349
        ],
        "2": [
          1097,
          1134,
          1143,
          1152,
          1190
        ],
        "3": [
          1402,
          1475,
          1491,
          1508,
          1590
        ],
        "4": [
          792,
          871,
          891,
          913,
          1018
        ],
        "5": [
          174,
          220,
          233,
          249,
          337
        ],
        "6": [
          7,
          18,
          22,
          26,
          63
        ],
        "7": [
          1,
          1,
          1,
          2,
          6
        ]
      },
      "numFreqItemsetsQuartiles": [
        3920,
        4082,
        4133,
        4184,
        4432
      ],
      "numSamples": 4352,
      "pvalue": 2.2972662531587412E-4,
      "sampler": "caterpillars.samplers.CurveballBJDMSampler"
    },
    {
      "freqItemsetLenToCountQuartiles": {
        "11": [
          1,
          1,
          2,
          3,
          40
        ],
        "1": [
          349,
          349,
          349,
          349,
          349
        ],
        "12": [
          1,
          1,
          1,
          1,
          1
        ],
        "2": [
          1616,
          1719,
          1741,
          1764,
          1863
        ],
        "3": [
          3955,
          4606,
          4766,
          4935,
          5653
        ],
        "4": [
          5445,
          7486,
          8027,
          8611,
          11714
        ],
        "5": [
          4250,
          7556,
          8516,
          9617,
          16750
        ],
        "6": [
          1781,
          4646,
          5624,
          6856,
          16341
        ],
        "7": [
          357,
          1642,
          2217,
          3065,
          10945
        ],
        "8": [
          10,
          293,
          479,
          795,
          5205
        ],
        "9": [
          1,
          19,
          48,
          106,
          1702
        ],
        "10": [
          1,
          2,
          4,
          11,
          363
        ]
      },
      "numFreqItemsetsQuartiles": [
        17841,
        28458,
        31779,
        36044,
        70095
      ],
      "numSamples": 4352,
      "pvalue": 1,
      "sampler": "diffusr.samplers.GmmtSampler"
    }
  ],
  "runInfo": {
    "freqItemsetLenToCount": {
      "1": 349,
      "2": 1335,
      "3": 2114,
      "4": 1659,
      "5": 676,
      "6": 135,
      "7": 9
    },
    "numFreqItemsets": 6277,
    "timestamp": "2022-06-05T17:23:39.918"
  }
}
