{
  "numFreqItemsetsStats": [
    {
      "freqItemsetLenToCountQuartiles": {
        "1": [
          408,
          408,
          408,
          408,
          408
        ],
        "2": [
          4,
          13,
          15,
          18,
          32
        ],
        "3": [
          1,
          1,
          1,
          3,
          16
        ],
        "4": [
          1,
          1,
          1,
          1,
          6
        ],
        "5": [
          1,
          1,
          1,
          1,
          1
        ]
      },
      "numFreqItemsetsQuartiles": [
        412,
        421,
        424,
        428,
        462
      ],
      "numSamples": 4352,
      "pvalue": 2.2972662531587412E-4,
      "sampler": "caterpillars.samplers.NaiveBJDMSampler"
    },
    {
      "freqItemsetLenToCountQuartiles": {
        "1": [
          408,
          408,
          408,
          408,
          408
        ],
        "2": [
          3,
          12,
          14,
          17,
          32
        ],
        "3": [
          1,
          1,
          1,
          2,
          14
        ],
        "4": [
          1,
          1,
          1,
          1,
          6
        ],
        "5": [
          1,
          1,
          1,
          1,
          1
        ]
      },
      "numFreqItemsetsQuartiles": [
        411,
        420,
        423,
        427,
        459
      ],
      "numSamples": 4352,
      "pvalue": 2.2972662531587412E-4,
      "sampler": "caterpillars.samplers.CurveballBJDMSampler"
    },
    {
      "freqItemsetLenToCountQuartiles": {
        "1": [
          408,
          408,
          408,
          408,
          408
        ],
        "2": [
          7,
          20,
          24,
          28,
          50
        ],
        "3": [
          1,
          1,
          1,
          2,
          21
        ],
        "4": [
          1,
          1,
          1,
          1,
          15
        ],
        "5": [
          1,
          1,
          1,
          1,
          6
        ],
        "6": [
          1,
          1,
          1,
          1,
          1
        ]
      },
      "numFreqItemsetsQuartiles": [
        415,
        428,
        433,
        438,
        487
      ],
      "numSamples": 4352,
      "pvalue": 2.2972662531587412E-4,
      "sampler": "diffusr.samplers.GmmtSampler"
    }
  ],
  "runInfo": {
    "freqItemsetLenToCount": {
      "1": 408,
      "2": 129,
      "3": 60,
      "4": 20,
      "5": 3
    },
    "numFreqItemsets": 620,
    "timestamp": "2022-06-01T08:22:31.523"
  }
}
