{
  "numFreqItemsetsStats": [
    {
      "freqItemsetLenToCountQuartiles": {
        "1": [
          27,
          27,
          27,
          27,
          27
        ],
        "2": [
          143,
          145,
          146,
          146,
          148
        ],
        "3": [
          318,
          323,
          324,
          325,
          330
        ],
        "4": [
          332,
          340,
          342,
          344,
          351
        ],
        "5": [
          161,
          169,
          171,
          173,
          180
        ],
        "6": [
          31,
          34,
          35,
          36,
          40
        ],
        "7": [
          1,
          1,
          1,
          1,
          2
        ]
      },
      "numFreqItemsetsQuartiles": [
        1021,
        1041,
        1045,
        1049,
        1069
      ],
      "numSamples": 2176,
      "pvalue": 4.5934772622875517E-4,
      "sampler": "caterpillars.samplers.NaiveBJDMSampler"
    },
    {
      "freqItemsetLenToCountQuartiles": {
        "1": [
          27,
          27,
          27,
          27,
          27
        ],
        "2": [
          143,
          145,
          145,
          146,
          147
        ],
        "3": [
          314,
          320,
          322,
          323,
          328
        ],
        "4": [
          328,
          337,
          339,
          341,
          350
        ],
        "5": [
          161,
          168,
          170,
          172,
          180
        ],
        "6": [
          31,
          33,
          34,
          35,
          40
        ],
        "7": [
          1,
          1,
          1,
          1,
          2
        ]
      },
      "numFreqItemsetsQuartiles": [
        1015,
        1033,
        1039,
        1043,
        1065
      ],
      "numSamples": 2176,
      "pvalue": 4.5934772622875517E-4,
      "sampler": "caterpillars.samplers.CurveballBJDMSampler"
    },
    {
      "freqItemsetLenToCountQuartiles": {
        "1": [
          27,
          27,
          27,
          27,
          27
        ],
        "2": [
          143,
          145,
          145,
          146,
          147
        ],
        "3": [
          316,
          321,
          322,
          323,
          329
        ],
        "4": [
          331,
          337,
          339,
          341,
          351
        ],
        "5": [
          163,
          168,
          170,
          172,
          180
        ],
        "6": [
          30,
          33,
          34,
          36,
          39
        ],
        "7": [
          1,
          1,
          1,
          1,
          2
        ]
      },
      "numFreqItemsetsQuartiles": [
        1019,
        1035,
        1039,
        1043,
        1067
      ],
      "numSamples": 1696,
      "pvalue": 5.892751915144372E-4,
      "sampler": "GmmtSampler"
    }
  ],
  "runInfo": {
    "freqItemsetLenToCount": {
      "1": 27,
      "2": 162,
      "3": 462,
      "4": 733,
      "5": 683,
      "6": 376,
      "7": 120,
      "8": 22,
      "9": 2
    },
    "numFreqItemsets": 2587,
    "timestamp": "2022-05-22T12:57:47.747"
  }
}
