{
  "numFreqItemsetsStats": [
    {
      "freqItemsetLenToCountQuartiles": {
        "1": [
          945,
          945,
          945,
          945,
          945
        ],
        "2": [
          1,
          2,
          2,
          3,
          11
        ],
        "3": [
          1,
          1,
          1,
          1,
          1
        ]
      },
      "numFreqItemsetsQuartiles": [
        945,
        946,
        947,
        948,
        956
      ],
      "numSamples": 4352,
      "pvalue": 4.5945325063174823E-4,
      "sampler": "caterpillars.samplers.NaiveBJDMSampler"
    },
    {
      "freqItemsetLenToCountQuartiles": {
        "1": [
          945,
          945,
          945,
          945,
          945
        ],
        "2": [
          1,
          1,
          2,
          3,
          9
        ],
        "3": [
          1,
          1,
          1,
          1,
          1
        ]
      },
      "numFreqItemsetsQuartiles": [
        945,
        946,
        947,
        948,
        954
      ],
      "numSamples": 4352,
      "pvalue": 2.2972662531587412E-4,
      "sampler": "caterpillars.samplers.CurveballBJDMSampler"
    },
    {
      "freqItemsetLenToCountQuartiles": {
        "1": [
          945,
          945,
          945,
          945,
          945
        ],
        "2": [
          1,
          3,
          5,
          6,
          15
        ],
        "3": [
          1,
          1,
          1,
          1,
          4
        ],
        "4": [
          1,
          1,
          1,
          1,
          1
        ]
      },
      "numFreqItemsetsQuartiles": [
        945,
        948,
        949,
        951,
        960
      ],
      "numSamples": 4352,
      "pvalue": 0.015851137146795313,
      "sampler": "diffusr.samplers.GmmtSampler"
    }
  ],
  "runInfo": {
    "freqItemsetLenToCount": {
      "1": 945,
      "2": 11
    },
    "numFreqItemsets": 956,
    "timestamp": "2022-06-07T09:31:14.283"
  }
}
