{
  "numFreqItemsetsStats": [
    {
      "freqItemsetLenToCountQuartiles": {
        "1": [
          19,
          19,
          19,
          19,
          19
        ],
        "2": [
          137,
          139,
          140,
          140,
          142
        ],
        "3": [
          538,
          544,
          546,
          547,
          555
        ],
        "4": [
          1231,
          1253,
          1258,
          1263,
          1283
        ],
        "5": [
          1714,
          1754,
          1764,
          1774,
          1821
        ],
        "6": [
          1427,
          1486,
          1502,
          1516,
          1572
        ],
        "7": [
          688,
          731,
          744,
          756,
          807
        ],
        "8": [
          161,
          186,
          191,
          197,
          225
        ],
        "9": [
          12,
          17,
          18,
          20,
          26
        ]
      },
      "numFreqItemsetsQuartiles": [
        5952,
        6135,
        6183,
        6226,
        6406
      ],
      "numSamples": 2176,
      "pvalue": 4.5934772622875517E-4,
      "sampler": "NaiveSampler"
    },
    {
      "freqItemsetLenToCountQuartiles": {
        "1": [
          19,
          19,
          19,
          19,
          19
        ],
        "2": [
          137,
          139,
          140,
          140,
          142
        ],
        "3": [
          538,
          544,
          546,
          547,
          555
        ],
        "4": [
          1231,
          1253,
          1258,
          1263,
          1283
        ],
        "5": [
          1714,
          1754,
          1764,
          1775,
          1821
        ],
        "6": [
          1427,
          1487,
          1502,
          1517,
          1572
        ],
        "7": [
          688,
          732,
          744,
          756,
          807
        ],
        "8": [
          161,
          186,
          191,
          197,
          225
        ],
        "9": [
          12,
          17,
          18,
          20,
          26
        ]
      },
      "numFreqItemsetsQuartiles": [
        5952,
        6136,
        6184,
        6226,
        6406
      ],
      "numSamples": 2176,
      "pvalue": 4.5934772622875517E-4,
      "sampler": "RefinedSampler"
    },
    {
      "freqItemsetLenToCountQuartiles": {
        "1": [
          19,
          19,
          19,
          19,
          19
        ],
        "2": [
          137,
          139,
          139,
          140,
          142
        ],
        "3": [
          537,
          544,
          546,
          547,
          556
        ],
        "4": [
          1236,
          1254,
          1258,
          1263,
          1282
        ],
        "5": [
          1713,
          1754,
          1764,
          1774,
          1819
        ],
        "6": [
          1430,
          1486,
          1501,
          1516,
          1590
        ],
        "7": [
          691,
          731,
          743,
          757,
          821
        ],
        "8": [
          164,
          185,
          191,
          197,
          229
        ],
        "9": [
          12,
          17,
          18,
          20,
          26
        ]
      },
      "numFreqItemsetsQuartiles": [
        5970,
        6136,
        6180,
        6228,
        6442
      ],
      "numSamples": 2176,
      "pvalue": 4.5934772622875517E-4,
      "sampler": "GmmtSampler"
    }
  ],
  "runInfo": {
    "args": {
      "resultsDir": "experiments/results/numFreqItemsets/chess",
      "datasetPath": "datasets/chess.txt",
      "sampleAndMine": false,
      "seed": 0,
      "numSamples": 2176,
      "numSwaps": 118252,
      "minFreq": 0.8,
      "numThreads": 32
    },
    "freqItemsetLenToCount": {
      "1": 19,
      "2": 141,
      "3": 566,
      "4": 1383,
      "5": 2130,
      "6": 2104,
      "7": 1314,
      "8": 481,
      "9": 85,
      "10": 4
    },
    "numFreqItemsets": 8227,
    "timestamp": "2022-02-06T20:58:12.364949741"
  }
}
